Product,Price,Location,Seller,Rating,Sold
Industrial Backplane for Raspberry Pi Compute Module 4 CM4 HAT,Rp1.677.000,,,,0
Raspberry Pi Compute Module 4 - 8GB RAM (32GB eMMC) WIFI BT CM4108032,Rp2.988.000,,,5.0,1 terjual
Raspberry Pi 4 Model B - 8GB RAM,Rp1.520.000,,,4.8,100+ terjual
Raspberry Pi 4 Model B - 8GB RAM,Rp1.520.000,Dilayani Tokopedia,badank Electronic,4.8,100+ terjual
Raspberry Pi 5 Model B RAM 4GB / 8GB - SBC RPi 5B Made in UK,Rp1.495.000,Bogor,Artium Official Store,5.0,4 terjual
Raspberry Pi 5 4GB Paket Lengkap Siap Pakai UK Pi5 4 GB,Rp1.979.100,Depok,Mechatron,5.0,10 terjual
Raspberry Pi 4 model B 8GB Paket Lengkap Siap Pakai UK Pi4 8 GB,Rp2.124.150,Depok,Mechatron,5.0,750+ terjual
Raspberry Pi 4 RAM 4GB Made In UK / Mini PC Raspi 4,Rp1.200.000,Surabaya,DigiWare Store,4.9,1rb+ terjual
Kabel Micro HDMI Raspberry PI 4 PI4,Rp17.500,Jakarta Barat,DX-tronics,4.9,750+ terjual
Raspberry Pi 4 Model B - 8GB RAM,Rp1.520.000,Dilayani Tokopedia,badank Electronic,4.8,100+ terjual
Raspberry Pi 4 Model B RAM 2GB,Rp850.000,Kab. Sleman,Riz-umi,4.9,250+ terjual
Raspberry Pi 4 RAM 4GB New Original,Rp1.190.000,Jakarta Pusat,Keranjang-IT,5.0,500+ terjual
*Paket/Board* Raspberry Pi 4 Model B - 2GB/4GB/8GB,Rp1.200.000,Pekanbaru,TOKOASIA_,5.0,1rb+ terjual
Raspberry Pi 4 model B 4GB Paket Lengkap Siap Pakai UK Pi4 4 GB,Rp1.699.150,Depok,Mechatron,4.9,1rb+ terjual
Adaptor Power Supply 5V 3A - Raspberry Pi 4 Kabel USB-C Type-C Tipe C,Rp126.000,Dilayani Tokopedia,badank Electronic,4.9,100+ terjual
Raspberry Pi 4 Model B module - 8GB 4GB 2GB Original Made in UK - 4GB,Rp1.200.000,Medan,Medan Utara Jaya,4.8,250+ terjual
Argon NEO Case Raspberry Pi 4 B Case Aluminium PI 4B PI4 AR Forty,Rp185.000,Jakarta Barat,DX-tronics,5.0,11 terjual
Raspberry Pi Compute Module 4 IO Board,Rp650.000,Kab. Sleman,Riz-umi,5.0,10 terjual
Raspberry Pi 4 Model B RAM 2GB Made In The UK,Rp875.000,Yogyakarta,Wartek IDN,4.8,40+ terjual
Raspberry Pi 4 Model B Ram 1/2/4/8 GB,Rp1.300.000,Tangerang,WR Teknologi,4.9,250+ terjual
ABS Raspberry Pi 4 Case Pi4 Black Casing Model B With Fan Support,Rp30.000,Kab. Ponorogo,FoxFury,4.7,250+ terjual
Raspberry Pi 4 model B 4GB Paket Lengkap Siap Pakai UK Pi4 4 GB,Rp1.699.150,Depok,Mechatron,4.9,1rb+ terjual
Argon NEO Case Raspberry Pi 4 B Case Aluminium PI 4B PI4 AR Forty,Rp185.000,Jakarta Barat,DX-tronics,5.0,11 terjual
Adaptor Raspberry PI 4 USB C - 15W Adapter 5V 3A Power supply PI4,Rp34.500,Jakarta Barat,DX-tronics,5.0,4rb+ terjual
[Black] ALUMINIUM Metal Case DUAL FAN - Raspberry Pi 4 Model B,Rp138.000,Dilayani Tokopedia,badank Electronic,5.0,100+ terjual
Raspberry PI 4 Official Original Case Casing PI4,Rp20.000,Jakarta Barat,DX-tronics,5.0,100+ terjual
ARMOR Case Raspberry pi 4 enclosure (FULL METAL),Rp155.000,Semarang,Khurs IOT,5.0,100+ terjual
EXCLUSIVE NEO ALUMINIUM Case - Raspberry Pi 4 Model B,Rp280.000,Dilayani Tokopedia,badank Electronic,5.0,8 terjual
Raspberry Pi 5 4GB RAM Made in UK / Mini PC Raspi 5,Rp1.590.000,Surabaya,DigiWare Store,,2 terjual
Argon ONE M.2 Aluminum Case for Raspberry Pi 4,Rp720.000,Kab. Sleman,Riz-umi,5.0,4 terjual
Raspberry Pi 5 Model B Ram 4 Giga,Rp1.700.000,Kab. Tangerang,Breakneck,,3 terjual
Adaptor Raspberry PI 4 USB C - 15W Adapter 5V 3A Power supply PI4,Rp34.500,Jakarta Barat,DX-tronics,5.0,4rb+ terjual
Raspberry Pi 4 Model B Ram 4 Giga,Rp1.290.000,Kab. Tangerang,Breakneck,4.9,500+ terjual
Raspberry Case PI 4 Model B With Dual Fan Black Almunium Raspberry 4B,Rp119.000,Jakarta Barat,aisyah arduino jakarta,,10 terjual
Raspberry Pi 4 model B 8GB Paket Lengkap Siap Pakai UK Pi4 8 GB,Rp2.124.150,Depok,Mechatron,5.0,750+ terjual
Adaptor Raspberry PI 4 Original 15.3W Adapter 5.1V 3A Power supply PI4,Rp156.000,Jakarta Barat,DX-tronics,5.0,2rb+ terjual
Kabel Micro HDMI To HDMI 1.5m High Quality Raspberry Pi 4,Rp45.000,Depok,Mechatron,5.0,27 terjual
ABS Case + Cooling Fan + Heatsink untuk Raspberry Pi 4 Model B,Rp84.000,Dilayani Tokopedia,badank Electronic,4.9,100+ terjual
Raspberry Pi 4 RAM 8GB Fullset,Rp1.545.000,Kab. Bogor,Batojay,5.0,24 terjual
Dual Fan Heatsink Radiator Cooling System for Raspberry Pi 3B 3B+ 4B 4,Rp65.000,Bekasi,RAJACELL BEKASI,5.0,100+ terjual
Case Raspberry Pi 4 Model B Pi 4B Box Enclosure dengan Lubang Kipas,Rp35.000,Bekasi,RAJACELL BEKASI,4.9,60+ terjual
Radxa ROCK 4 SE SBC RK3399-T 4GB LPDDR4 RAM Raspberry Pi Alternative,Rp1.260.000,Jakarta Pusat,Keranjang-IT,5.0,6 terjual
Raspberry PI 4 Clear Case Acrylic Casing Bening PI4,Rp19.000,Jakarta Barat,DX-tronics,4.8,100+ terjual
Argon ONE M.2 Aluminum Case for Raspberry Pi 4,Rp720.000,Kab. Sleman,Riz-umi,5.0,4 terjual
SparkFun Raspberry Pi 4 Desktop Kit 8GB,Rp2.520.000,Kab. Sleman,Riz-umi,5.0,1 terjual
Adaptor Raspberry PI 4 Original 15.3W Adapter 5.1V 3A Power supply PI4,Rp156.000,Jakarta Barat,DX-tronics,5.0,2rb+ terjual
Raspberry Pi 4 Model B Ram 8 Giga,Rp1.690.000,Kab. Tangerang,Breakneck,5.0,100+ terjual
Raspberry Pi 5 - 8GB RAM,Rp1.799.000,Dilayani Tokopedia,badank Electronic,5.0,50+ terjual
Raspberry Pi 4 Model B Ram 2 Giga,Rp990.000,Kab. Tangerang,Breakneck,5.0,100+ terjual
Casing Raspberry Pi 3 & Pi 4 Model B,Rp69.700,Kab. Lebak,Made in Tridi,,0
Aluminium Metal Heatsink Passive Cooling Case Raspberry Pi 4 B - Metal,Rp138.225,Bandung,OneFiber,4.9,250+ terjual
Kipas Pendingin Low Power Fan Cooler Module for Raspberry Pi 4 Model B,Rp11.000,Kab. Ponorogo,FoxFury,4.9,250+ terjual
Raspberry PI 4 Ram 8GB Original Made In UK Mini PC Raspi PI4,Rp1.518.500,Jakarta Barat,DX-tronics,4.9,80+ terjual
Raspberry Pi 4 B 8Gb,Rp2.000.000,Jakarta Utara,RoyPunya,5.0,11 terjual
Adaptor Raspberry Pi 4 5V 3A Type C,Rp45.000,Tangerang,WR Teknologi,5.0,100+ terjual
Big Case Enclosure Chasing for Raspberry Pi 4B Pi 4 Support LCD / Fan,Rp39.200,Bekasi,RAJACELL BEKASI,5.0,100+ terjual
"Raspberry Pi Layar 4, Monitor Raspberry Pi 7 ""Ditingkatkan 2022 Dengan",Rp2.297.600,Jakarta Utara,altaufiq store,,0
Dual Fan Heatsink Radiator Cooling System for Raspberry Pi 3B 3B+ 4B 4,Rp65.000,Bekasi,Arduino Official Store,5.0,30+ terjual
Adaptor Power Supply 5V 3A USB Type C for Raspberry Pi 4 model B 4B,Rp55.000,Bekasi,RAJACELL BEKASI,5.0,1rb+ terjual
Raspberry Pi 4 ICE Tower Fast Cooling System Aluminum Box Heatsink Fan,Rp219.990,Batam,DI Electronics,4.9,30+ terjual
ABS Case for Raspberry Pi 4 Model B Protective Shell(Black),Rp35.000,Jakarta Pusat,TOKOSALIM,5.0,100+ terjual
Case Raspberry Pi 4 Argon One V2 Aluminum Alloy Case PI4 Pi 4B,Rp365.000,Jakarta Barat,DX-tronics,5.0,5 terjual
Metal Case with Heatsink & Fan For Raspberry Pi 4 Model B,Rp139.500,Bandung,Central Electronics,5.0,100+ terjual
Raspberry Pi 4 Model B module - 8GB 4GB 2GB Original Made in UK,Rp1.200.000,Medan,Medan Utara Jaya,4.8,250+ terjual
Argon ONE Raspberry Pi 4 Aluminium Case,Rp395.000,Semarang,Khurs IOT,5.0,100+ terjual
Raspberry Pi 4 Model B 8GB RAM,Rp1.560.000,Kab. Bekasi,DigiWare Store Bekasi,5.0,6 terjual
Paket Mini PC Raspberry Pi 4 Microsoft Windows 10 Pro Desktop,Rp2.595.000,Depok,KiosRobot,4.9,40+ terjual
Raspberry Pi 5 4GB Paket Lengkap Siap Pakai UK Pi5 4 GB,Rp1.979.100,Depok,Mechatron,5.0,10 terjual
Raspberry Pi Compute Module 4 - 8GB RAM (32GB eMMC) WIFI BT CM4108032,Rp2.988.000,Dilayani Tokopedia,badank Electronic,5.0,1 terjual
Argon POLY+ Raspberry Pi 4 Vented Case,Rp180.000,Tangerang,PointByte,5.0,2 terjual
Casing Case Raspberry Pi 4 SSD Media Server - Z3D,Rp239.500,Surakarta,Zero 3D Printer,,1 terjual
raspberry pi 4 model b ram 4gb second like new,Rp1.100.000,Jakarta Selatan,Nexiot,,4 terjual
"Adapter micro HDMI male to HDMI male for LCD Raspberry Pi 4 4B 3.5"" 5""",Rp25.000,Bekasi,RAJACELL BEKASI,5.0,100+ terjual
Metal Case for Raspberry Pi 4 Aluminium,Rp145.000,Semarang,Khurs IOT,5.0,80+ terjual
4in1 4pcs new Raspberry Pi generation zero 2 3 4 B heat sink heatsink,Rp6.900,Bogor,art techno,5.0,100+ terjual
Raspberry Pi 4 Case Retro Tower Dekstop Casing - h3d,Rp180.000,Surakarta,HaezerGarage,,0
PiTray mini for Raspberry Pi Compute Module 4,Rp299.000,Semarang,Khurs IOT,5.0,11 terjual
Heatsink Raspberry Pi 4,Rp12.000,Tangerang,WR Teknologi,5.0,90+ terjual
Raspberry Pi Compute Module 4 - CM4 4GB RAM/16G eMMC Wireless,Rp5.670.000,Jakarta Pusat,Yunitastore21,,0
Raspberry Pi 4 Official Case,Rp89.900,Yogyakarta,Wartek IDN,5.0,6 terjual
Cool Black Acrylic Case Enclosure Box for Raspberry Pi 4 model B Pi 4B,Rp45.000,Bekasi,RAJACELL BEKASI,5.0,100+ terjual
Raspberry Pi 4 3B 3B+ Multifunction Pin GPIO Cascade Expansion Board,Rp75.000,Bekasi,RAJACELL BEKASI,4.8,50+ terjual
Raspberry Pi 4 Model B 4GB RAM Raspi 4 Mini PC,Rp1.170.000,Bandung,TOKO RYTECH,5.0,30+ terjual
Raspberry Pi 4 Model B RAM 8GB (Made in UK),Rp1.725.000,Jakarta Pusat,Keranjang-IT,5.0,250+ terjual
Raspberry Pi 4 Model B RAM 1GB Made In The UK,Rp825.000,Yogyakarta,Wartek IDN,,1 terjual
